date,contract,open,high,low,close,volume
2026-09-01,MGC_SIM,2000,2001,1999,2000,100
2026-09-02,MGC_SIM,2000,2001,1999,2000,110
2026-09-03,MGC_SIM,2000,2001,1999,2000,105
2026-09-04,MGC_SIM,2000,2001,1999,2000,120
2026-09-08,MGC_SIM,2000,2001,1999,2000,130
2026-09-09,MGC_SIM,2000,2011,1999,2010,140
2026-09-10,MGC_SIM,2010,2021,2009,2020,150
2026-09-11,MGC_SIM,2020,2031,2019,2030,145
2026-09-14,MGC_SIM,2030,2031,2019,2020,135
2026-09-15,MGC_SIM,2020,2021,2009,2010,125
2026-09-16,MGC_SIM,2010,2011,1999,2000,115
2026-09-17,MGC_SIM,2000,2001,1989,1990,100

